Date,Open,date,News Sentiment,Sentiment_1_days_before,Sentiment_2_days_before,Sentiment_3_days_before,Sentiment_4_days_before,Sentiment_5_days_before,Sentiment_6_days_before,Sentiment_7_days_before,Sentiment_8_days_before,Sentiment_9_days_before,Sentiment_10_days_before,Sentiment_11_days_before,Sentiment_12_days_before,Sentiment_13_days_before,Sentiment_14_days_before,Sentiment_15_days_before,Sentiment_16_days_before,Sentiment_17_days_before,Sentiment_18_days_before,Sentiment_19_days_before,Sentiment_20_days_before
2018-01-02,1305.3,2018-01-02,0.26,0.28,0.29,0.31,0.3,0.27,0.28,0.27,0.27,0.28,0.26,0.25,0.26,0.26,0.24,0.21,0.2,0.2,0.2,0.19,0.2
2018-01-03,1319.0,2018-01-03,0.27,0.26,0.28,0.29,0.31,0.3,0.27,0.28,0.27,0.27,0.28,0.26,0.25,0.26,0.26,0.24,0.21,0.2,0.2,0.2,0.19
2018-01-04,1315.5,2018-01-04,0.25,0.27,0.26,0.28,0.29,0.31,0.3,0.27,0.28,0.27,0.27,0.28,0.26,0.25,0.26,0.26,0.24,0.21,0.2,0.2,0.2
2018-01-05,1324.4,2018-01-05,0.24,0.25,0.27,0.26,0.28,0.29,0.31,0.3,0.27,0.28,0.27,0.27,0.28,0.26,0.25,0.26,0.26,0.24,0.21,0.2,0.2
2018-01-08,1321.8,2018-01-08,0.28,0.24,0.25,0.27,0.26,0.28,0.29,0.31,0.3,0.27,0.28,0.27,0.27,0.28,0.26,0.25,0.26,0.26,0.24,0.21,0.2
2018-01-09,1321.2,2018-01-09,0.28,0.28,0.24,0.25,0.27,0.26,0.28,0.29,0.31,0.3,0.27,0.28,0.27,0.27,0.28,0.26,0.25,0.26,0.26,0.24,0.21
2018-01-10,1313.3,2018-01-10,0.29,0.28,0.28,0.24,0.25,0.27,0.26,0.28,0.29,0.31,0.3,0.27,0.28,0.27,0.27,0.28,0.26,0.25,0.26,0.26,0.24
2018-01-11,1317.5,2018-01-11,0.29,0.29,0.28,0.28,0.24,0.25,0.27,0.26,0.28,0.29,0.31,0.3,0.27,0.28,0.27,0.27,0.28,0.26,0.25,0.26,0.26
2018-01-12,1323.6,2018-01-12,0.29,0.29,0.29,0.28,0.28,0.24,0.25,0.27,0.26,0.28,0.29,0.31,0.3,0.27,0.28,0.27,0.27,0.28,0.26,0.25,0.26
2018-01-15,1337.3,2018-01-15,0.25,0.29,0.29,0.29,0.28,0.28,0.24,0.25,0.27,0.26,0.28,0.29,0.31,0.3,0.27,0.28,0.27,0.27,0.28,0.26,0.25
2018-01-17,1339.0,2018-01-17,0.24,0.25,0.29,0.29,0.29,0.28,0.28,0.24,0.25,0.27,0.26,0.28,0.29,0.31,0.3,0.27,0.28,0.27,0.27,0.28,0.26
2018-01-18,1327.4,2018-01-18,0.23,0.24,0.25,0.29,0.29,0.29,0.28,0.28,0.24,0.25,0.27,0.26,0.28,0.29,0.31,0.3,0.27,0.28,0.27,0.27,0.28
2018-01-19,1327.0,2018-01-19,0.23,0.23,0.24,0.25,0.29,0.29,0.29,0.28,0.28,0.24,0.25,0.27,0.26,0.28,0.29,0.31,0.3,0.27,0.28,0.27,0.27
2018-01-22,1334.0,2018-01-22,0.17,0.23,0.23,0.24,0.25,0.29,0.29,0.29,0.28,0.28,0.24,0.25,0.27,0.26,0.28,0.29,0.31,0.3,0.27,0.28,0.27
2018-01-23,1333.0,2018-01-23,0.18,0.17,0.23,0.23,0.24,0.25,0.29,0.29,0.29,0.28,0.28,0.24,0.25,0.27,0.26,0.28,0.29,0.31,0.3,0.27,0.28
2018-01-24,1341.4,2018-01-24,0.18,0.18,0.17,0.23,0.23,0.24,0.25,0.29,0.29,0.29,0.28,0.28,0.24,0.25,0.27,0.26,0.28,0.29,0.31,0.3,0.27
2018-01-25,1357.0,2018-01-25,0.18,0.18,0.18,0.17,0.23,0.23,0.24,0.25,0.29,0.29,0.29,0.28,0.28,0.24,0.25,0.27,0.26,0.28,0.29,0.31,0.3
2018-01-26,1346.4,2018-01-26,0.2,0.18,0.18,0.18,0.17,0.23,0.23,0.24,0.25,0.29,0.29,0.29,0.28,0.28,0.24,0.25,0.27,0.26,0.28,0.29,0.31
2018-01-29,1349.0,2018-01-29,0.19,0.2,0.18,0.18,0.18,0.17,0.23,0.23,0.24,0.25,0.29,0.29,0.29,0.28,0.28,0.24,0.25,0.27,0.26,0.28,0.29
2018-01-30,1344.0,2018-01-30,0.21,0.19,0.2,0.18,0.18,0.18,0.17,0.23,0.23,0.24,0.25,0.29,0.29,0.29,0.28,0.28,0.24,0.25,0.27,0.26,0.28
2018-01-31,1341.8,2018-01-31,0.22,0.21,0.19,0.2,0.18,0.18,0.18,0.17,0.23,0.23,0.24,0.25,0.29,0.29,0.29,0.28,0.28,0.24,0.25,0.27,0.26
2018-02-01,1348.2,2018-02-01,0.22,0.22,0.21,0.19,0.2,0.18,0.18,0.18,0.17,0.23,0.23,0.24,0.25,0.29,0.29,0.29,0.28,0.28,0.24,0.25,0.27
2018-02-02,1352.2,2018-02-02,0.23,0.22,0.22,0.21,0.19,0.2,0.18,0.18,0.18,0.17,0.23,0.23,0.24,0.25,0.29,0.29,0.29,0.28,0.28,0.24,0.25
2018-02-05,1334.6,2018-02-05,0.25,0.23,0.22,0.22,0.21,0.19,0.2,0.18,0.18,0.18,0.17,0.23,0.23,0.24,0.25,0.29,0.29,0.29,0.28,0.28,0.24
2018-02-06,1343.1,2018-02-06,0.22,0.25,0.23,0.22,0.22,0.21,0.19,0.2,0.18,0.18,0.18,0.17,0.23,0.23,0.24,0.25,0.29,0.29,0.29,0.28,0.28
2018-02-07,1326.6,2018-02-07,0.2,0.22,0.25,0.23,0.22,0.22,0.21,0.19,0.2,0.18,0.18,0.18,0.17,0.23,0.23,0.24,0.25,0.29,0.29,0.29,0.28
2018-02-08,1320.7,2018-02-08,0.18,0.2,0.22,0.25,0.23,0.22,0.22,0.21,0.19,0.2,0.18,0.18,0.18,0.17,0.23,0.23,0.24,0.25,0.29,0.29,0.29
2018-02-09,1321.0,2018-02-09,0.17,0.18,0.2,0.22,0.25,0.23,0.22,0.22,0.21,0.19,0.2,0.18,0.18,0.18,0.17,0.23,0.23,0.24,0.25,0.29,0.29
2018-02-12,1317.1,2018-02-12,0.15,0.17,0.18,0.2,0.22,0.25,0.23,0.22,0.22,0.21,0.19,0.2,0.18,0.18,0.18,0.17,0.23,0.23,0.24,0.25,0.29
2018-02-13,1325.0,2018-02-13,0.16,0.15,0.17,0.18,0.2,0.22,0.25,0.23,0.22,0.22,0.21,0.19,0.2,0.18,0.18,0.18,0.17,0.23,0.23,0.24,0.25
2018-02-14,1331.9,2018-02-14,0.16,0.16,0.15,0.17,0.18,0.2,0.22,0.25,0.23,0.22,0.22,0.21,0.19,0.2,0.18,0.18,0.18,0.17,0.23,0.23,0.24
2018-02-15,1353.0,2018-02-15,0.16,0.16,0.16,0.15,0.17,0.18,0.2,0.22,0.25,0.23,0.22,0.22,0.21,0.19,0.2,0.18,0.18,0.18,0.17,0.23,0.23
2018-02-16,1356.6,2018-02-16,0.16,0.16,0.16,0.16,0.15,0.17,0.18,0.2,0.22,0.25,0.23,0.22,0.22,0.21,0.19,0.2,0.18,0.18,0.18,0.17,0.23
2018-02-19,1350.2,2018-02-19,0.12,0.16,0.16,0.16,0.16,0.15,0.17,0.18,0.2,0.22,0.25,0.23,0.22,0.22,0.21,0.19,0.2,0.18,0.18,0.18,0.17
2018-02-21,1331.2,2018-02-21,0.13,0.12,0.16,0.16,0.16,0.16,0.15,0.17,0.18,0.2,0.22,0.25,0.23,0.22,0.22,0.21,0.19,0.2,0.18,0.18,0.18
2018-02-22,1326.2,2018-02-22,0.13,0.13,0.12,0.16,0.16,0.16,0.16,0.15,0.17,0.18,0.2,0.22,0.25,0.23,0.22,0.22,0.21,0.19,0.2,0.18,0.18
2018-02-23,1333.7,2018-02-23,0.13,0.13,0.13,0.12,0.16,0.16,0.16,0.16,0.15,0.17,0.18,0.2,0.22,0.25,0.23,0.22,0.22,0.21,0.19,0.2,0.18
2018-02-26,1330.4,2018-02-26,0.15,0.13,0.13,0.13,0.12,0.16,0.16,0.16,0.16,0.15,0.17,0.18,0.2,0.22,0.25,0.23,0.22,0.22,0.21,0.19,0.2
2018-02-27,1334.7,2018-02-27,0.16,0.15,0.13,0.13,0.13,0.12,0.16,0.16,0.16,0.16,0.15,0.17,0.18,0.2,0.22,0.25,0.23,0.22,0.22,0.21,0.19
2018-02-28,1318.9,2018-02-28,0.19,0.16,0.15,0.13,0.13,0.13,0.12,0.16,0.16,0.16,0.16,0.15,0.17,0.18,0.2,0.22,0.25,0.23,0.22,0.22,0.21
2018-03-01,1319.3,2018-03-01,0.18,0.19,0.16,0.15,0.13,0.13,0.13,0.12,0.16,0.16,0.16,0.16,0.15,0.17,0.18,0.2,0.22,0.25,0.23,0.22,0.22
2018-03-02,1318.0,2018-03-02,0.16,0.18,0.19,0.16,0.15,0.13,0.13,0.13,0.12,0.16,0.16,0.16,0.16,0.15,0.17,0.18,0.2,0.22,0.25,0.23,0.22
2018-03-05,1324.9,2018-03-05,0.12,0.16,0.18,0.19,0.16,0.15,0.13,0.13,0.13,0.12,0.16,0.16,0.16,0.16,0.15,0.17,0.18,0.2,0.22,0.25,0.23
2018-03-06,1321.0,2018-03-06,0.12,0.12,0.16,0.18,0.19,0.16,0.15,0.13,0.13,0.13,0.12,0.16,0.16,0.16,0.16,0.15,0.17,0.18,0.2,0.22,0.25
2018-03-07,1339.5,2018-03-07,0.11,0.12,0.12,0.16,0.18,0.19,0.16,0.15,0.13,0.13,0.13,0.12,0.16,0.16,0.16,0.16,0.15,0.17,0.18,0.2,0.22
2018-03-08,1326.2,2018-03-08,0.1,0.11,0.12,0.12,0.16,0.18,0.19,0.16,0.15,0.13,0.13,0.13,0.12,0.16,0.16,0.16,0.16,0.15,0.17,0.18,0.2
2018-03-09,1322.7,2018-03-09,0.1,0.1,0.11,0.12,0.12,0.16,0.18,0.19,0.16,0.15,0.13,0.13,0.13,0.12,0.16,0.16,0.16,0.16,0.15,0.17,0.18
2018-03-12,1324.1,2018-03-12,0.12,0.1,0.1,0.11,0.12,0.12,0.16,0.18,0.19,0.16,0.15,0.13,0.13,0.13,0.12,0.16,0.16,0.16,0.16,0.15,0.17
2018-03-13,1323.3,2018-03-13,0.13,0.12,0.1,0.1,0.11,0.12,0.12,0.16,0.18,0.19,0.16,0.15,0.13,0.13,0.13,0.12,0.16,0.16,0.16,0.16,0.15
2018-03-14,1326.7,2018-03-14,0.14,0.13,0.12,0.1,0.1,0.11,0.12,0.12,0.16,0.18,0.19,0.16,0.15,0.13,0.13,0.13,0.12,0.16,0.16,0.16,0.16
2018-03-15,1324.7,2018-03-15,0.13,0.14,0.13,0.12,0.1,0.1,0.11,0.12,0.12,0.16,0.18,0.19,0.16,0.15,0.13,0.13,0.13,0.12,0.16,0.16,0.16
2018-03-16,1316.8,2018-03-16,0.14,0.13,0.14,0.13,0.12,0.1,0.1,0.11,0.12,0.12,0.16,0.18,0.19,0.16,0.15,0.13,0.13,0.13,0.12,0.16,0.16
2018-03-19,1312.9,2018-03-19,0.14,0.14,0.13,0.14,0.13,0.12,0.1,0.1,0.11,0.12,0.12,0.16,0.18,0.19,0.16,0.15,0.13,0.13,0.13,0.12,0.16
2018-03-20,1316.5,2018-03-20,0.14,0.14,0.14,0.13,0.14,0.13,0.12,0.1,0.1,0.11,0.12,0.12,0.16,0.18,0.19,0.16,0.15,0.13,0.13,0.13,0.12
2018-03-21,1310.6,2018-03-21,0.13,0.14,0.14,0.14,0.13,0.14,0.13,0.12,0.1,0.1,0.11,0.12,0.12,0.16,0.18,0.19,0.16,0.15,0.13,0.13,0.13
2018-03-22,1332.0,2018-03-22,0.13,0.13,0.14,0.14,0.14,0.13,0.14,0.13,0.12,0.1,0.1,0.11,0.12,0.12,0.16,0.18,0.19,0.16,0.15,0.13,0.13
2018-03-23,1329.0,2018-03-23,0.11,0.13,0.13,0.14,0.14,0.14,0.13,0.14,0.13,0.12,0.1,0.1,0.11,0.12,0.12,0.16,0.18,0.19,0.16,0.15,0.13
2018-03-26,1347.0,2018-03-26,0.08,0.11,0.13,0.13,0.14,0.14,0.14,0.13,0.14,0.13,0.12,0.1,0.1,0.11,0.12,0.12,0.16,0.18,0.19,0.16,0.15
2018-03-27,1353.6,2018-03-27,0.07,0.08,0.11,0.13,0.13,0.14,0.14,0.14,0.13,0.14,0.13,0.12,0.1,0.1,0.11,0.12,0.12,0.16,0.18,0.19,0.16
2018-03-28,1345.0,2018-03-28,0.08,0.07,0.08,0.11,0.13,0.13,0.14,0.14,0.14,0.13,0.14,0.13,0.12,0.1,0.1,0.11,0.12,0.12,0.16,0.18,0.19
2018-03-29,1329.3,2018-03-29,0.08,0.08,0.07,0.08,0.11,0.13,0.13,0.14,0.14,0.14,0.13,0.14,0.13,0.12,0.1,0.1,0.11,0.12,0.12,0.16,0.18
2018-04-02,1330.7,2018-04-02,0.05,0.08,0.08,0.07,0.08,0.11,0.13,0.13,0.14,0.14,0.14,0.13,0.14,0.13,0.12,0.1,0.1,0.11,0.12,0.12,0.16
2018-04-03,1345.0,2018-04-03,0.06,0.05,0.08,0.08,0.07,0.08,0.11,0.13,0.13,0.14,0.14,0.14,0.13,0.14,0.13,0.12,0.1,0.1,0.11,0.12,0.12
2018-04-04,1336.7,2018-04-04,0.05,0.06,0.05,0.08,0.08,0.07,0.08,0.11,0.13,0.13,0.14,0.14,0.14,0.13,0.14,0.13,0.12,0.1,0.1,0.11,0.12
2018-04-05,1337.1,2018-04-05,0.02,0.05,0.06,0.05,0.08,0.08,0.07,0.08,0.11,0.13,0.13,0.14,0.14,0.14,0.13,0.14,0.13,0.12,0.1,0.1,0.11
2018-04-06,1329.7,2018-04-06,0.0,0.02,0.05,0.06,0.05,0.08,0.08,0.07,0.08,0.11,0.13,0.13,0.14,0.14,0.14,0.13,0.14,0.13,0.12,0.1,0.1
2018-04-09,1338.0,2018-04-09,-0.01,0.0,0.02,0.05,0.06,0.05,0.08,0.08,0.07,0.08,0.11,0.13,0.13,0.14,0.14,0.14,0.13,0.14,0.13,0.12,0.1
2018-04-10,1339.8,2018-04-10,-0.03,-0.01,0.0,0.02,0.05,0.06,0.05,0.08,0.08,0.07,0.08,0.11,0.13,0.13,0.14,0.14,0.14,0.13,0.14,0.13,0.12
2018-04-11,1343.1,2018-04-11,-0.02,-0.03,-0.01,0.0,0.02,0.05,0.06,0.05,0.08,0.08,0.07,0.08,0.11,0.13,0.13,0.14,0.14,0.14,0.13,0.14,0.13
2018-04-12,1356.3,2018-04-12,-0.02,-0.02,-0.03,-0.01,0.0,0.02,0.05,0.06,0.05,0.08,0.08,0.07,0.08,0.11,0.13,0.13,0.14,0.14,0.14,0.13,0.14
2018-04-13,1337.6,2018-04-13,-0.01,-0.02,-0.02,-0.03,-0.01,0.0,0.02,0.05,0.06,0.05,0.08,0.08,0.07,0.08,0.11,0.13,0.13,0.14,0.14,0.14,0.13
2018-04-16,1349.8,2018-04-16,0.01,-0.01,-0.02,-0.02,-0.03,-0.01,0.0,0.02,0.05,0.06,0.05,0.08,0.08,0.07,0.08,0.11,0.13,0.13,0.14,0.14,0.14
2018-04-17,1349.1,2018-04-17,0.02,0.01,-0.01,-0.02,-0.02,-0.03,-0.01,0.0,0.02,0.05,0.06,0.05,0.08,0.08,0.07,0.08,0.11,0.13,0.13,0.14,0.14
2018-04-18,1350.4,2018-04-18,0.0,0.02,0.01,-0.01,-0.02,-0.02,-0.03,-0.01,0.0,0.02,0.05,0.06,0.05,0.08,0.08,0.07,0.08,0.11,0.13,0.13,0.14
2018-04-19,1352.4,2018-04-19,0.01,0.0,0.02,0.01,-0.01,-0.02,-0.02,-0.03,-0.01,0.0,0.02,0.05,0.06,0.05,0.08,0.08,0.07,0.08,0.11,0.13,0.13
2018-04-20,1348.5,2018-04-20,0.0,0.01,0.0,0.02,0.01,-0.01,-0.02,-0.02,-0.03,-0.01,0.0,0.02,0.05,0.06,0.05,0.08,0.08,0.07,0.08,0.11,0.13
2018-04-23,1336.2,2018-04-23,0.01,0.0,0.01,0.0,0.02,0.01,-0.01,-0.02,-0.02,-0.03,-0.01,0.0,0.02,0.05,0.06,0.05,0.08,0.08,0.07,0.08,0.11
2018-04-24,1326.1,2018-04-24,0.02,0.01,0.0,0.01,0.0,0.02,0.01,-0.01,-0.02,-0.02,-0.03,-0.01,0.0,0.02,0.05,0.06,0.05,0.08,0.08,0.07,0.08
2018-04-25,1332.0,2018-04-25,0.02,0.02,0.01,0.0,0.01,0.0,0.02,0.01,-0.01,-0.02,-0.02,-0.03,-0.01,0.0,0.02,0.05,0.06,0.05,0.08,0.08,0.07
2018-04-26,1324.2,2018-04-26,0.01,0.02,0.02,0.01,0.0,0.01,0.0,0.02,0.01,-0.01,-0.02,-0.02,-0.03,-0.01,0.0,0.02,0.05,0.06,0.05,0.08,0.08
2018-04-27,1318.0,2018-04-27,0.03,0.01,0.02,0.02,0.01,0.0,0.01,0.0,0.02,0.01,-0.01,-0.02,-0.02,-0.03,-0.01,0.0,0.02,0.05,0.06,0.05,0.08
2018-04-30,1324.0,2018-04-30,0.05,0.03,0.01,0.02,0.02,0.01,0.0,0.01,0.0,0.02,0.01,-0.01,-0.02,-0.02,-0.03,-0.01,0.0,0.02,0.05,0.06,0.05
2018-05-01,1316.0,2018-05-01,0.05,0.05,0.03,0.01,0.02,0.02,0.01,0.0,0.01,0.0,0.02,0.01,-0.01,-0.02,-0.02,-0.03,-0.01,0.0,0.02,0.05,0.06
2018-05-02,1304.4,2018-05-02,0.05,0.05,0.05,0.03,0.01,0.02,0.02,0.01,0.0,0.01,0.0,0.02,0.01,-0.01,-0.02,-0.02,-0.03,-0.01,0.0,0.02,0.05
2018-05-03,1305.5,2018-05-03,0.05,0.05,0.05,0.05,0.03,0.01,0.02,0.02,0.01,0.0,0.01,0.0,0.02,0.01,-0.01,-0.02,-0.02,-0.03,-0.01,0.0,0.02
2018-05-04,1312.8,2018-05-04,0.05,0.05,0.05,0.05,0.05,0.03,0.01,0.02,0.02,0.01,0.0,0.01,0.0,0.02,0.01,-0.01,-0.02,-0.02,-0.03,-0.01,0.0
2018-05-07,1316.3,2018-05-07,0.06,0.05,0.05,0.05,0.05,0.05,0.03,0.01,0.02,0.02,0.01,0.0,0.01,0.0,0.02,0.01,-0.01,-0.02,-0.02,-0.03,-0.01
2018-05-08,1314.1,2018-05-08,0.07,0.06,0.05,0.05,0.05,0.05,0.05,0.03,0.01,0.02,0.02,0.01,0.0,0.01,0.0,0.02,0.01,-0.01,-0.02,-0.02,-0.03
2018-05-09,1315.3,2018-05-09,0.07,0.07,0.06,0.05,0.05,0.05,0.05,0.05,0.03,0.01,0.02,0.02,0.01,0.0,0.01,0.0,0.02,0.01,-0.01,-0.02,-0.02
2018-05-10,1312.8,2018-05-10,0.05,0.07,0.07,0.06,0.05,0.05,0.05,0.05,0.05,0.03,0.01,0.02,0.02,0.01,0.0,0.01,0.0,0.02,0.01,-0.01,-0.02
2018-05-11,1321.8,2018-05-11,0.05,0.05,0.07,0.07,0.06,0.05,0.05,0.05,0.05,0.05,0.03,0.01,0.02,0.02,0.01,0.0,0.01,0.0,0.02,0.01,-0.01
2018-05-14,1318.3,2018-05-14,0.05,0.05,0.05,0.07,0.07,0.06,0.05,0.05,0.05,0.05,0.05,0.03,0.01,0.02,0.02,0.01,0.0,0.01,0.0,0.02,0.01
2018-05-15,1313.2,2018-05-15,0.06,0.05,0.05,0.05,0.07,0.07,0.06,0.05,0.05,0.05,0.05,0.05,0.03,0.01,0.02,0.02,0.01,0.0,0.01,0.0,0.02
2018-05-16,1290.1,2018-05-16,0.05,0.06,0.05,0.05,0.05,0.07,0.07,0.06,0.05,0.05,0.05,0.05,0.05,0.03,0.01,0.02,0.02,0.01,0.0,0.01,0.0
2018-05-17,1290.2,2018-05-17,0.05,0.05,0.06,0.05,0.05,0.05,0.07,0.07,0.06,0.05,0.05,0.05,0.05,0.05,0.03,0.01,0.02,0.02,0.01,0.0,0.01
2018-05-18,1290.0,2018-05-18,0.04,0.05,0.05,0.06,0.05,0.05,0.05,0.07,0.07,0.06,0.05,0.05,0.05,0.05,0.05,0.03,0.01,0.02,0.02,0.01,0.0
2018-05-21,1290.3,2018-05-21,0.05,0.04,0.05,0.05,0.06,0.05,0.05,0.05,0.07,0.07,0.06,0.05,0.05,0.05,0.05,0.05,0.03,0.01,0.02,0.02,0.01
2018-05-22,1292.3,2018-05-22,0.04,0.05,0.04,0.05,0.05,0.06,0.05,0.05,0.05,0.07,0.07,0.06,0.05,0.05,0.05,0.05,0.05,0.03,0.01,0.02,0.02
2018-05-23,1290.6,2018-05-23,0.02,0.04,0.05,0.04,0.05,0.05,0.06,0.05,0.05,0.05,0.07,0.07,0.06,0.05,0.05,0.05,0.05,0.05,0.03,0.01,0.02
2018-05-24,1293.3,2018-05-24,0.01,0.02,0.04,0.05,0.04,0.05,0.05,0.06,0.05,0.05,0.05,0.07,0.07,0.06,0.05,0.05,0.05,0.05,0.05,0.03,0.01
2018-05-25,1304.0,2018-05-25,0.01,0.01,0.02,0.04,0.05,0.04,0.05,0.05,0.06,0.05,0.05,0.05,0.07,0.07,0.06,0.05,0.05,0.05,0.05,0.05,0.03
2018-05-28,1297.2,2018-05-28,0.03,0.01,0.01,0.02,0.04,0.05,0.04,0.05,0.05,0.06,0.05,0.05,0.05,0.07,0.07,0.06,0.05,0.05,0.05,0.05,0.05
2018-05-30,1303.1,2018-05-30,-0.01,0.03,0.01,0.01,0.02,0.04,0.05,0.04,0.05,0.05,0.06,0.05,0.05,0.05,0.07,0.07,0.06,0.05,0.05,0.05,0.05
2018-05-31,1306.0,2018-05-31,-0.02,-0.01,0.03,0.01,0.01,0.02,0.04,0.05,0.04,0.05,0.05,0.06,0.05,0.05,0.05,0.07,0.07,0.06,0.05,0.05,0.05
2018-06-01,1303.0,2018-06-01,-0.03,-0.02,-0.01,0.03,0.01,0.01,0.02,0.04,0.05,0.04,0.05,0.05,0.06,0.05,0.05,0.05,0.07,0.07,0.06,0.05,0.05
2018-06-04,1296.7,2018-06-04,-0.05,-0.03,-0.02,-0.01,0.03,0.01,0.01,0.02,0.04,0.05,0.04,0.05,0.05,0.06,0.05,0.05,0.05,0.07,0.07,0.06,0.05
2018-06-05,1296.4,2018-06-05,-0.07,-0.05,-0.03,-0.02,-0.01,0.03,0.01,0.01,0.02,0.04,0.05,0.04,0.05,0.05,0.06,0.05,0.05,0.05,0.07,0.07,0.06
2018-06-06,1300.6,2018-06-06,-0.07,-0.07,-0.05,-0.03,-0.02,-0.01,0.03,0.01,0.01,0.02,0.04,0.05,0.04,0.05,0.05,0.06,0.05,0.05,0.05,0.07,0.07
2018-06-07,1300.9,2018-06-07,-0.07,-0.07,-0.07,-0.05,-0.03,-0.02,-0.01,0.03,0.01,0.01,0.02,0.04,0.05,0.04,0.05,0.05,0.06,0.05,0.05,0.05,0.07
2018-06-08,1301.3,2018-06-08,-0.06,-0.07,-0.07,-0.07,-0.05,-0.03,-0.02,-0.01,0.03,0.01,0.01,0.02,0.04,0.05,0.04,0.05,0.05,0.06,0.05,0.05,0.05
2018-06-11,1303.5,2018-06-11,-0.06,-0.06,-0.07,-0.07,-0.07,-0.05,-0.03,-0.02,-0.01,0.03,0.01,0.01,0.02,0.04,0.05,0.04,0.05,0.05,0.06,0.05,0.05
2018-06-12,1304.5,2018-06-12,-0.05,-0.06,-0.06,-0.07,-0.07,-0.07,-0.05,-0.03,-0.02,-0.01,0.03,0.01,0.01,0.02,0.04,0.05,0.04,0.05,0.05,0.06,0.05
2018-06-13,1299.6,2018-06-13,-0.04,-0.05,-0.06,-0.06,-0.07,-0.07,-0.07,-0.05,-0.03,-0.02,-0.01,0.03,0.01,0.01,0.02,0.04,0.05,0.04,0.05,0.05,0.06
2018-06-14,1303.1,2018-06-14,-0.03,-0.04,-0.05,-0.06,-0.06,-0.07,-0.07,-0.07,-0.05,-0.03,-0.02,-0.01,0.03,0.01,0.01,0.02,0.04,0.05,0.04,0.05,0.05
2018-06-15,1303.1,2018-06-15,-0.03,-0.03,-0.04,-0.05,-0.06,-0.06,-0.07,-0.07,-0.07,-0.05,-0.03,-0.02,-0.01,0.03,0.01,0.01,0.02,0.04,0.05,0.04,0.05
2018-06-18,1281.1,2018-06-18,-0.04,-0.03,-0.03,-0.04,-0.05,-0.06,-0.06,-0.07,-0.07,-0.07,-0.05,-0.03,-0.02,-0.01,0.03,0.01,0.01,0.02,0.04,0.05,0.04
2018-06-19,1280.7,2018-06-19,-0.07,-0.04,-0.03,-0.03,-0.04,-0.05,-0.06,-0.06,-0.07,-0.07,-0.07,-0.05,-0.03,-0.02,-0.01,0.03,0.01,0.01,0.02,0.04,0.05
2018-06-20,1277.3,2018-06-20,-0.09,-0.07,-0.04,-0.03,-0.03,-0.04,-0.05,-0.06,-0.06,-0.07,-0.07,-0.07,-0.05,-0.03,-0.02,-0.01,0.03,0.01,0.01,0.02,0.04
2018-06-21,1269.7,2018-06-21,-0.1,-0.09,-0.07,-0.04,-0.03,-0.03,-0.04,-0.05,-0.06,-0.06,-0.07,-0.07,-0.07,-0.05,-0.03,-0.02,-0.01,0.03,0.01,0.01,0.02
2018-06-22,1268.6,2018-06-22,-0.1,-0.1,-0.09,-0.07,-0.04,-0.03,-0.03,-0.04,-0.05,-0.06,-0.06,-0.07,-0.07,-0.07,-0.05,-0.03,-0.02,-0.01,0.03,0.01,0.01
2018-06-25,1272.2,2018-06-25,-0.11,-0.1,-0.1,-0.09,-0.07,-0.04,-0.03,-0.03,-0.04,-0.05,-0.06,-0.06,-0.07,-0.07,-0.07,-0.05,-0.03,-0.02,-0.01,0.03,0.01
2018-06-26,1267.3,2018-06-26,-0.13,-0.11,-0.1,-0.1,-0.09,-0.07,-0.04,-0.03,-0.03,-0.04,-0.05,-0.06,-0.06,-0.07,-0.07,-0.07,-0.05,-0.03,-0.02,-0.01,0.03
2018-06-27,1260.5,2018-06-27,-0.14,-0.13,-0.11,-0.1,-0.1,-0.09,-0.07,-0.04,-0.03,-0.03,-0.04,-0.05,-0.06,-0.06,-0.07,-0.07,-0.07,-0.05,-0.03,-0.02,-0.01
2018-06-28,1253.6,2018-06-28,-0.14,-0.14,-0.13,-0.11,-0.1,-0.1,-0.09,-0.07,-0.04,-0.03,-0.03,-0.04,-0.05,-0.06,-0.06,-0.07,-0.07,-0.07,-0.05,-0.03,-0.02
2018-06-29,1249.5,2018-06-29,-0.14,-0.14,-0.14,-0.13,-0.11,-0.1,-0.1,-0.09,-0.07,-0.04,-0.03,-0.03,-0.04,-0.05,-0.06,-0.06,-0.07,-0.07,-0.07,-0.05,-0.03
2018-07-02,1253.4,2018-07-02,-0.14,-0.14,-0.14,-0.14,-0.13,-0.11,-0.1,-0.1,-0.09,-0.07,-0.04,-0.03,-0.03,-0.04,-0.05,-0.06,-0.06,-0.07,-0.07,-0.07,-0.05
2018-07-03,1242.9,2018-07-03,-0.14,-0.14,-0.14,-0.14,-0.14,-0.13,-0.11,-0.1,-0.1,-0.09,-0.07,-0.04,-0.03,-0.03,-0.04,-0.05,-0.06,-0.06,-0.07,-0.07,-0.07
2018-07-04,1257.7,2018-07-04,-0.15,-0.14,-0.14,-0.14,-0.14,-0.14,-0.13,-0.11,-0.1,-0.1,-0.09,-0.07,-0.04,-0.03,-0.03,-0.04,-0.05,-0.06,-0.06,-0.07,-0.07
2018-07-06,1258.4,2018-07-06,-0.16,-0.15,-0.14,-0.14,-0.14,-0.14,-0.14,-0.13,-0.11,-0.1,-0.1,-0.09,-0.07,-0.04,-0.03,-0.03,-0.04,-0.05,-0.06,-0.06,-0.07
2018-07-09,1255.7,2018-07-09,-0.16,-0.16,-0.15,-0.14,-0.14,-0.14,-0.14,-0.14,-0.13,-0.11,-0.1,-0.1,-0.09,-0.07,-0.04,-0.03,-0.03,-0.04,-0.05,-0.06,-0.06
2018-07-10,1258.5,2018-07-10,-0.14,-0.16,-0.16,-0.15,-0.14,-0.14,-0.14,-0.14,-0.14,-0.13,-0.11,-0.1,-0.1,-0.09,-0.07,-0.04,-0.03,-0.03,-0.04,-0.05,-0.06
2018-07-11,1256.7,2018-07-11,-0.15,-0.14,-0.16,-0.16,-0.15,-0.14,-0.14,-0.14,-0.14,-0.14,-0.13,-0.11,-0.1,-0.1,-0.09,-0.07,-0.04,-0.03,-0.03,-0.04,-0.05
2018-07-12,1242.3,2018-07-12,-0.16,-0.15,-0.14,-0.16,-0.16,-0.15,-0.14,-0.14,-0.14,-0.14,-0.14,-0.13,-0.11,-0.1,-0.1,-0.09,-0.07,-0.04,-0.03,-0.03,-0.04
2018-07-13,1247.7,2018-07-13,-0.15,-0.16,-0.15,-0.14,-0.16,-0.16,-0.15,-0.14,-0.14,-0.14,-0.14,-0.14,-0.13,-0.11,-0.1,-0.1,-0.09,-0.07,-0.04,-0.03,-0.03
2018-07-16,1241.0,2018-07-16,-0.13,-0.15,-0.16,-0.15,-0.14,-0.16,-0.16,-0.15,-0.14,-0.14,-0.14,-0.14,-0.14,-0.13,-0.11,-0.1,-0.1,-0.09,-0.07,-0.04,-0.03
2018-07-17,1240.8,2018-07-17,-0.13,-0.13,-0.15,-0.16,-0.15,-0.14,-0.16,-0.16,-0.15,-0.14,-0.14,-0.14,-0.14,-0.14,-0.13,-0.11,-0.1,-0.1,-0.09,-0.07,-0.04
2018-07-18,1227.0,2018-07-18,-0.13,-0.13,-0.13,-0.15,-0.16,-0.15,-0.14,-0.16,-0.16,-0.15,-0.14,-0.14,-0.14,-0.14,-0.14,-0.13,-0.11,-0.1,-0.1,-0.09,-0.07
2018-07-19,1227.3,2018-07-19,-0.13,-0.13,-0.13,-0.13,-0.15,-0.16,-0.15,-0.14,-0.16,-0.16,-0.15,-0.14,-0.14,-0.14,-0.14,-0.14,-0.13,-0.11,-0.1,-0.1,-0.09
2018-07-20,1222.9,2018-07-20,-0.14,-0.13,-0.13,-0.13,-0.13,-0.15,-0.16,-0.15,-0.14,-0.16,-0.16,-0.15,-0.14,-0.14,-0.14,-0.14,-0.14,-0.13,-0.11,-0.1,-0.1
2018-07-23,1231.7,2018-07-23,-0.11,-0.14,-0.13,-0.13,-0.13,-0.13,-0.15,-0.16,-0.15,-0.14,-0.16,-0.16,-0.15,-0.14,-0.14,-0.14,-0.14,-0.14,-0.13,-0.11,-0.1
2018-07-24,1224.4,2018-07-24,-0.1,-0.11,-0.14,-0.13,-0.13,-0.13,-0.13,-0.15,-0.16,-0.15,-0.14,-0.16,-0.16,-0.15,-0.14,-0.14,-0.14,-0.14,-0.14,-0.13,-0.11
2018-07-25,1224.2,2018-07-25,-0.1,-0.1,-0.11,-0.14,-0.13,-0.13,-0.13,-0.13,-0.15,-0.16,-0.15,-0.14,-0.16,-0.16,-0.15,-0.14,-0.14,-0.14,-0.14,-0.14,-0.13
2018-07-26,1231.7,2018-07-26,-0.09,-0.1,-0.1,-0.11,-0.14,-0.13,-0.13,-0.13,-0.13,-0.15,-0.16,-0.15,-0.14,-0.16,-0.16,-0.15,-0.14,-0.14,-0.14,-0.14,-0.14
2018-07-27,1231.4,2018-07-27,-0.08,-0.09,-0.1,-0.1,-0.11,-0.14,-0.13,-0.13,-0.13,-0.13,-0.15,-0.16,-0.15,-0.14,-0.16,-0.16,-0.15,-0.14,-0.14,-0.14,-0.14
2018-07-30,1231.1,2018-07-30,-0.04,-0.08,-0.09,-0.1,-0.1,-0.11,-0.14,-0.13,-0.13,-0.13,-0.13,-0.15,-0.16,-0.15,-0.14,-0.16,-0.16,-0.15,-0.14,-0.14,-0.14
2018-07-31,1230.5,2018-07-31,-0.03,-0.04,-0.08,-0.09,-0.1,-0.1,-0.11,-0.14,-0.13,-0.13,-0.13,-0.13,-0.15,-0.16,-0.15,-0.14,-0.16,-0.16,-0.15,-0.14,-0.14
2018-08-01,1232.7,2018-08-01,-0.02,-0.03,-0.04,-0.08,-0.09,-0.1,-0.1,-0.11,-0.14,-0.13,-0.13,-0.13,-0.13,-0.15,-0.16,-0.15,-0.14,-0.16,-0.16,-0.15,-0.14
2018-08-02,1224.7,2018-08-02,-0.01,-0.02,-0.03,-0.04,-0.08,-0.09,-0.1,-0.1,-0.11,-0.14,-0.13,-0.13,-0.13,-0.13,-0.15,-0.16,-0.15,-0.14,-0.16,-0.16,-0.15
2018-08-03,1216.0,2018-08-03,0.0,-0.01,-0.02,-0.03,-0.04,-0.08,-0.09,-0.1,-0.1,-0.11,-0.14,-0.13,-0.13,-0.13,-0.13,-0.15,-0.16,-0.15,-0.14,-0.16,-0.16
2018-08-06,1222.0,2018-08-06,-0.02,0.0,-0.01,-0.02,-0.03,-0.04,-0.08,-0.09,-0.1,-0.1,-0.11,-0.14,-0.13,-0.13,-0.13,-0.13,-0.15,-0.16,-0.15,-0.14,-0.16
2018-08-07,1215.8,2018-08-07,-0.03,-0.02,0.0,-0.01,-0.02,-0.03,-0.04,-0.08,-0.09,-0.1,-0.1,-0.11,-0.14,-0.13,-0.13,-0.13,-0.13,-0.15,-0.16,-0.15,-0.14
2018-08-08,1218.7,2018-08-08,-0.03,-0.03,-0.02,0.0,-0.01,-0.02,-0.03,-0.04,-0.08,-0.09,-0.1,-0.1,-0.11,-0.14,-0.13,-0.13,-0.13,-0.13,-0.15,-0.16,-0.15
2018-08-09,1222.0,2018-08-09,-0.04,-0.03,-0.03,-0.02,0.0,-0.01,-0.02,-0.03,-0.04,-0.08,-0.09,-0.1,-0.1,-0.11,-0.14,-0.13,-0.13,-0.13,-0.13,-0.15,-0.16
2018-08-10,1220.0,2018-08-10,-0.02,-0.04,-0.03,-0.03,-0.02,0.0,-0.01,-0.02,-0.03,-0.04,-0.08,-0.09,-0.1,-0.1,-0.11,-0.14,-0.13,-0.13,-0.13,-0.13,-0.15
2018-08-13,1218.4,2018-08-13,-0.03,-0.02,-0.04,-0.03,-0.03,-0.02,0.0,-0.01,-0.02,-0.03,-0.04,-0.08,-0.09,-0.1,-0.1,-0.11,-0.14,-0.13,-0.13,-0.13,-0.13
2018-08-14,1201.1,2018-08-14,-0.05,-0.03,-0.02,-0.04,-0.03,-0.03,-0.02,0.0,-0.01,-0.02,-0.03,-0.04,-0.08,-0.09,-0.1,-0.1,-0.11,-0.14,-0.13,-0.13,-0.13
2018-08-15,1201.5,2018-08-15,-0.09,-0.05,-0.03,-0.02,-0.04,-0.03,-0.03,-0.02,0.0,-0.01,-0.02,-0.03,-0.04,-0.08,-0.09,-0.1,-0.1,-0.11,-0.14,-0.13,-0.13
2018-08-16,1183.0,2018-08-16,-0.09,-0.09,-0.05,-0.03,-0.02,-0.04,-0.03,-0.03,-0.02,0.0,-0.01,-0.02,-0.03,-0.04,-0.08,-0.09,-0.1,-0.1,-0.11,-0.14,-0.13
2018-08-17,1180.7,2018-08-17,-0.09,-0.09,-0.09,-0.05,-0.03,-0.02,-0.04,-0.03,-0.03,-0.02,0.0,-0.01,-0.02,-0.03,-0.04,-0.08,-0.09,-0.1,-0.1,-0.11,-0.14
2018-08-20,1190.4,2018-08-20,-0.07,-0.09,-0.09,-0.09,-0.05,-0.03,-0.02,-0.04,-0.03,-0.03,-0.02,0.0,-0.01,-0.02,-0.03,-0.04,-0.08,-0.09,-0.1,-0.1,-0.11
2018-08-21,1197.3,2018-08-21,-0.06,-0.07,-0.09,-0.09,-0.09,-0.05,-0.03,-0.02,-0.04,-0.03,-0.03,-0.02,0.0,-0.01,-0.02,-0.03,-0.04,-0.08,-0.09,-0.1,-0.1
2018-08-22,1203.0,2018-08-22,-0.05,-0.06,-0.07,-0.09,-0.09,-0.09,-0.05,-0.03,-0.02,-0.04,-0.03,-0.03,-0.02,0.0,-0.01,-0.02,-0.03,-0.04,-0.08,-0.09,-0.1
2018-08-23,1202.8,2018-08-23,-0.05,-0.05,-0.06,-0.07,-0.09,-0.09,-0.09,-0.05,-0.03,-0.02,-0.04,-0.03,-0.03,-0.02,0.0,-0.01,-0.02,-0.03,-0.04,-0.08,-0.09
2018-08-24,1191.6,2018-08-24,-0.04,-0.05,-0.05,-0.06,-0.07,-0.09,-0.09,-0.09,-0.05,-0.03,-0.02,-0.04,-0.03,-0.03,-0.02,0.0,-0.01,-0.02,-0.03,-0.04,-0.08
2018-08-27,1214.5,2018-08-27,-0.05,-0.04,-0.05,-0.05,-0.06,-0.07,-0.09,-0.09,-0.09,-0.05,-0.03,-0.02,-0.04,-0.03,-0.03,-0.02,0.0,-0.01,-0.02,-0.03,-0.04
2018-08-28,1217.7,2018-08-28,-0.02,-0.05,-0.04,-0.05,-0.05,-0.06,-0.07,-0.09,-0.09,-0.09,-0.05,-0.03,-0.02,-0.04,-0.03,-0.03,-0.02,0.0,-0.01,-0.02,-0.03
2018-08-29,1206.6,2018-08-29,0.0,-0.02,-0.05,-0.04,-0.05,-0.05,-0.06,-0.07,-0.09,-0.09,-0.09,-0.05,-0.03,-0.02,-0.04,-0.03,-0.03,-0.02,0.0,-0.01,-0.02
2018-08-30,1212.6,2018-08-30,0.01,0.0,-0.02,-0.05,-0.04,-0.05,-0.05,-0.06,-0.07,-0.09,-0.09,-0.09,-0.05,-0.03,-0.02,-0.04,-0.03,-0.03,-0.02,0.0,-0.01
2018-08-31,1206.3,2018-08-31,0.01,0.01,0.0,-0.02,-0.05,-0.04,-0.05,-0.05,-0.06,-0.07,-0.09,-0.09,-0.09,-0.05,-0.03,-0.02,-0.04,-0.03,-0.03,-0.02,0.0
2018-09-03,1207.0,2018-09-03,0.02,0.01,0.01,0.0,-0.02,-0.05,-0.04,-0.05,-0.05,-0.06,-0.07,-0.09,-0.09,-0.09,-0.05,-0.03,-0.02,-0.04,-0.03,-0.03,-0.02
2018-09-05,1197.2,2018-09-05,0.02,0.02,0.01,0.01,0.0,-0.02,-0.05,-0.04,-0.05,-0.05,-0.06,-0.07,-0.09,-0.09,-0.09,-0.05,-0.03,-0.02,-0.04,-0.03,-0.03
2018-09-06,1202.5,2018-09-06,0.03,0.02,0.02,0.01,0.01,0.0,-0.02,-0.05,-0.04,-0.05,-0.05,-0.06,-0.07,-0.09,-0.09,-0.09,-0.05,-0.03,-0.02,-0.04,-0.03
2018-09-07,1205.6,2018-09-07,0.04,0.03,0.02,0.02,0.01,0.01,0.0,-0.02,-0.05,-0.04,-0.05,-0.05,-0.06,-0.07,-0.09,-0.09,-0.09,-0.05,-0.03,-0.02,-0.04
2018-09-10,1200.7,2018-09-10,0.02,0.04,0.03,0.02,0.02,0.01,0.01,0.0,-0.02,-0.05,-0.04,-0.05,-0.05,-0.06,-0.07,-0.09,-0.09,-0.09,-0.05,-0.03,-0.02
2018-09-11,1200.4,2018-09-11,0.02,0.02,0.04,0.03,0.02,0.02,0.01,0.01,0.0,-0.02,-0.05,-0.04,-0.05,-0.05,-0.06,-0.07,-0.09,-0.09,-0.09,-0.05,-0.03
2018-09-12,1203.5,2018-09-12,0.01,0.02,0.02,0.04,0.03,0.02,0.02,0.01,0.01,0.0,-0.02,-0.05,-0.04,-0.05,-0.05,-0.06,-0.07,-0.09,-0.09,-0.09,-0.05
2018-09-13,1212.4,2018-09-13,0.0,0.01,0.02,0.02,0.04,0.03,0.02,0.02,0.01,0.01,0.0,-0.02,-0.05,-0.04,-0.05,-0.05,-0.06,-0.07,-0.09,-0.09,-0.09
2018-09-14,1206.6,2018-09-14,-0.01,0.0,0.01,0.02,0.02,0.04,0.03,0.02,0.02,0.01,0.01,0.0,-0.02,-0.05,-0.04,-0.05,-0.05,-0.06,-0.07,-0.09,-0.09
2018-09-17,1199.8,2018-09-17,-0.02,-0.01,0.0,0.01,0.02,0.02,0.04,0.03,0.02,0.02,0.01,0.01,0.0,-0.02,-0.05,-0.04,-0.05,-0.05,-0.06,-0.07,-0.09
2018-09-18,1206.4,2018-09-18,-0.02,-0.02,-0.01,0.0,0.01,0.02,0.02,0.04,0.03,0.02,0.02,0.01,0.01,0.0,-0.02,-0.05,-0.04,-0.05,-0.05,-0.06,-0.07
2018-09-19,1202.8,2018-09-19,-0.03,-0.02,-0.02,-0.01,0.0,0.01,0.02,0.02,0.04,0.03,0.02,0.02,0.01,0.01,0.0,-0.02,-0.05,-0.04,-0.05,-0.05,-0.06
2018-09-20,1208.8,2018-09-20,-0.03,-0.03,-0.02,-0.02,-0.01,0.0,0.01,0.02,0.02,0.04,0.03,0.02,0.02,0.01,0.01,0.0,-0.02,-0.05,-0.04,-0.05,-0.05
2018-09-21,1212.1,2018-09-21,-0.04,-0.03,-0.03,-0.02,-0.02,-0.01,0.0,0.01,0.02,0.02,0.04,0.03,0.02,0.02,0.01,0.01,0.0,-0.02,-0.05,-0.04,-0.05
2018-09-24,1204.0,2018-09-24,-0.03,-0.04,-0.03,-0.03,-0.02,-0.02,-0.01,0.0,0.01,0.02,0.02,0.04,0.03,0.02,0.02,0.01,0.01,0.0,-0.02,-0.05,-0.04
2018-09-25,1203.1,2018-09-25,-0.02,-0.03,-0.04,-0.03,-0.03,-0.02,-0.02,-0.01,0.0,0.01,0.02,0.02,0.04,0.03,0.02,0.02,0.01,0.01,0.0,-0.02,-0.05
2018-09-26,1205.5,2018-09-26,-0.02,-0.02,-0.03,-0.04,-0.03,-0.03,-0.02,-0.02,-0.01,0.0,0.01,0.02,0.02,0.04,0.03,0.02,0.02,0.01,0.01,0.0,-0.02
2018-09-27,1198.9,2018-09-27,-0.01,-0.02,-0.02,-0.03,-0.04,-0.03,-0.03,-0.02,-0.02,-0.01,0.0,0.01,0.02,0.02,0.04,0.03,0.02,0.02,0.01,0.01,0.0
2018-09-28,1186.8,2018-09-28,-0.01,-0.01,-0.02,-0.02,-0.03,-0.04,-0.03,-0.03,-0.02,-0.02,-0.01,0.0,0.01,0.02,0.02,0.04,0.03,0.02,0.02,0.01,0.01
2018-10-01,1196.1,2018-10-01,0.05,-0.01,-0.01,-0.02,-0.02,-0.03,-0.04,-0.03,-0.03,-0.02,-0.02,-0.01,0.0,0.01,0.02,0.02,0.04,0.03,0.02,0.02,0.01
2018-10-02,1192.7,2018-10-02,0.07,0.05,-0.01,-0.01,-0.02,-0.02,-0.03,-0.04,-0.03,-0.03,-0.02,-0.02,-0.01,0.0,0.01,0.02,0.02,0.04,0.03,0.02,0.02
2018-10-03,1207.0,2018-10-03,0.09,0.07,0.05,-0.01,-0.01,-0.02,-0.02,-0.03,-0.04,-0.03,-0.03,-0.02,-0.02,-0.01,0.0,0.01,0.02,0.02,0.04,0.03,0.02
2018-10-04,1201.4,2018-10-04,0.09,0.09,0.07,0.05,-0.01,-0.01,-0.02,-0.02,-0.03,-0.04,-0.03,-0.03,-0.02,-0.02,-0.01,0.0,0.01,0.02,0.02,0.04,0.03
2018-10-05,1203.7,2018-10-05,0.09,0.09,0.09,0.07,0.05,-0.01,-0.01,-0.02,-0.02,-0.03,-0.04,-0.03,-0.03,-0.02,-0.02,-0.01,0.0,0.01,0.02,0.02,0.04
2018-10-08,1206.7,2018-10-08,0.1,0.09,0.09,0.09,0.07,0.05,-0.01,-0.01,-0.02,-0.02,-0.03,-0.04,-0.03,-0.03,-0.02,-0.02,-0.01,0.0,0.01,0.02,0.02
2018-10-09,1192.2,2018-10-09,0.08,0.1,0.09,0.09,0.09,0.07,0.05,-0.01,-0.01,-0.02,-0.02,-0.03,-0.04,-0.03,-0.03,-0.02,-0.02,-0.01,0.0,0.01,0.02
2018-10-10,1192.7,2018-10-10,0.09,0.08,0.1,0.09,0.09,0.09,0.07,0.05,-0.01,-0.01,-0.02,-0.02,-0.03,-0.04,-0.03,-0.03,-0.02,-0.02,-0.01,0.0,0.01
2018-10-11,1197.9,2018-10-11,0.08,0.09,0.08,0.1,0.09,0.09,0.09,0.07,0.05,-0.01,-0.01,-0.02,-0.02,-0.03,-0.04,-0.03,-0.03,-0.02,-0.02,-0.01,0.0
2018-10-12,1227.7,2018-10-12,0.07,0.08,0.09,0.08,0.1,0.09,0.09,0.09,0.07,0.05,-0.01,-0.01,-0.02,-0.02,-0.03,-0.04,-0.03,-0.03,-0.02,-0.02,-0.01
2018-10-15,1221.2,2018-10-15,0.04,0.07,0.08,0.09,0.08,0.1,0.09,0.09,0.09,0.07,0.05,-0.01,-0.01,-0.02,-0.02,-0.03,-0.04,-0.03,-0.03,-0.02,-0.02
2018-10-16,1230.5,2018-10-16,0.04,0.04,0.07,0.08,0.09,0.08,0.1,0.09,0.09,0.09,0.07,0.05,-0.01,-0.01,-0.02,-0.02,-0.03,-0.04,-0.03,-0.03,-0.02
2018-10-17,1228.0,2018-10-17,0.03,0.04,0.04,0.07,0.08,0.09,0.08,0.1,0.09,0.09,0.09,0.07,0.05,-0.01,-0.01,-0.02,-0.02,-0.03,-0.04,-0.03,-0.03
2018-10-18,1225.5,2018-10-18,0.02,0.03,0.04,0.04,0.07,0.08,0.09,0.08,0.1,0.09,0.09,0.09,0.07,0.05,-0.01,-0.01,-0.02,-0.02,-0.03,-0.04,-0.03
2018-10-19,1228.6,2018-10-19,-0.01,0.02,0.03,0.04,0.04,0.07,0.08,0.09,0.08,0.1,0.09,0.09,0.09,0.07,0.05,-0.01,-0.01,-0.02,-0.02,-0.03,-0.04
2018-10-22,1230.5,2018-10-22,0.0,-0.01,0.02,0.03,0.04,0.04,0.07,0.08,0.09,0.08,0.1,0.09,0.09,0.09,0.07,0.05,-0.01,-0.01,-0.02,-0.02,-0.03
2018-10-23,1225.1,2018-10-23,-0.01,0.0,-0.01,0.02,0.03,0.04,0.04,0.07,0.08,0.09,0.08,0.1,0.09,0.09,0.09,0.07,0.05,-0.01,-0.01,-0.02,-0.02
2018-10-24,1233.8,2018-10-24,0.0,-0.01,0.0,-0.01,0.02,0.03,0.04,0.04,0.07,0.08,0.09,0.08,0.1,0.09,0.09,0.09,0.07,0.05,-0.01,-0.01,-0.02
2018-10-25,1236.6,2018-10-25,-0.01,0.0,-0.01,0.0,-0.01,0.02,0.03,0.04,0.04,0.07,0.08,0.09,0.08,0.1,0.09,0.09,0.09,0.07,0.05,-0.01,-0.01
2018-10-26,1234.7,2018-10-26,-0.01,-0.01,0.0,-0.01,0.0,-0.01,0.02,0.03,0.04,0.04,0.07,0.08,0.09,0.08,0.1,0.09,0.09,0.09,0.07,0.05,-0.01
2018-10-29,1236.4,2018-10-29,0.02,-0.01,-0.01,0.0,-0.01,0.0,-0.01,0.02,0.03,0.04,0.04,0.07,0.08,0.09,0.08,0.1,0.09,0.09,0.09,0.07,0.05
2018-10-30,1231.9,2018-10-30,0.01,0.02,-0.01,-0.01,0.0,-0.01,0.0,-0.01,0.02,0.03,0.04,0.04,0.07,0.08,0.09,0.08,0.1,0.09,0.09,0.09,0.07
2018-10-31,1224.7,2018-10-31,0.02,0.01,0.02,-0.01,-0.01,0.0,-0.01,0.0,-0.01,0.02,0.03,0.04,0.04,0.07,0.08,0.09,0.08,0.1,0.09,0.09,0.09
2018-11-01,1216.6,2018-11-01,0.04,0.02,0.01,0.02,-0.01,-0.01,0.0,-0.01,0.0,-0.01,0.02,0.03,0.04,0.04,0.07,0.08,0.09,0.08,0.1,0.09,0.09
2018-11-02,1235.3,2018-11-02,0.04,0.04,0.02,0.01,0.02,-0.01,-0.01,0.0,-0.01,0.0,-0.01,0.02,0.03,0.04,0.04,0.07,0.08,0.09,0.08,0.1,0.09
2018-11-05,1234.5,2018-11-05,0.04,0.04,0.04,0.02,0.01,0.02,-0.01,-0.01,0.0,-0.01,0.0,-0.01,0.02,0.03,0.04,0.04,0.07,0.08,0.09,0.08,0.1
2018-11-06,1233.4,2018-11-06,0.04,0.04,0.04,0.04,0.02,0.01,0.02,-0.01,-0.01,0.0,-0.01,0.0,-0.01,0.02,0.03,0.04,0.04,0.07,0.08,0.09,0.08
2018-11-07,1228.9,2018-11-07,0.03,0.04,0.04,0.04,0.04,0.02,0.01,0.02,-0.01,-0.01,0.0,-0.01,0.0,-0.01,0.02,0.03,0.04,0.04,0.07,0.08,0.09
2018-11-08,1227.7,2018-11-08,0.02,0.03,0.04,0.04,0.04,0.04,0.02,0.01,0.02,-0.01,-0.01,0.0,-0.01,0.0,-0.01,0.02,0.03,0.04,0.04,0.07,0.08
2018-11-09,1224.3,2018-11-09,0.03,0.02,0.03,0.04,0.04,0.04,0.04,0.02,0.01,0.02,-0.01,-0.01,0.0,-0.01,0.0,-0.01,0.02,0.03,0.04,0.04,0.07
2018-11-12,1210.3,2018-11-12,0.03,0.03,0.02,0.03,0.04,0.04,0.04,0.04,0.02,0.01,0.02,-0.01,-0.01,0.0,-0.01,0.0,-0.01,0.02,0.03,0.04,0.04
2018-11-13,1201.1,2018-11-13,0.05,0.03,0.03,0.02,0.03,0.04,0.04,0.04,0.04,0.02,0.01,0.02,-0.01,-0.01,0.0,-0.01,0.0,-0.01,0.02,0.03,0.04
2018-11-14,1202.8,2018-11-14,0.06,0.05,0.03,0.03,0.02,0.03,0.04,0.04,0.04,0.04,0.02,0.01,0.02,-0.01,-0.01,0.0,-0.01,0.0,-0.01,0.02,0.03
2018-11-15,1211.8,2018-11-15,0.06,0.06,0.05,0.03,0.03,0.02,0.03,0.04,0.04,0.04,0.04,0.02,0.01,0.02,-0.01,-0.01,0.0,-0.01,0.0,-0.01,0.02
2018-11-16,1214.4,2018-11-16,0.06,0.06,0.06,0.05,0.03,0.03,0.02,0.03,0.04,0.04,0.04,0.04,0.02,0.01,0.02,-0.01,-0.01,0.0,-0.01,0.0,-0.01
2018-11-19,1222.6,2018-11-19,0.04,0.06,0.06,0.06,0.05,0.03,0.03,0.02,0.03,0.04,0.04,0.04,0.04,0.02,0.01,0.02,-0.01,-0.01,0.0,-0.01,0.0
2018-11-20,1224.6,2018-11-20,0.06,0.04,0.06,0.06,0.06,0.05,0.03,0.03,0.02,0.03,0.04,0.04,0.04,0.04,0.02,0.01,0.02,-0.01,-0.01,0.0,-0.01
2018-11-21,1222.4,2018-11-21,0.04,0.06,0.04,0.06,0.06,0.06,0.05,0.03,0.03,0.02,0.03,0.04,0.04,0.04,0.04,0.02,0.01,0.02,-0.01,-0.01,0.0
2018-11-22,1227.8,2018-11-22,0.04,0.04,0.06,0.04,0.06,0.06,0.06,0.05,0.03,0.03,0.02,0.03,0.04,0.04,0.04,0.04,0.02,0.01,0.02,-0.01,-0.01
2018-11-26,1223.9,2018-11-26,0.08,0.04,0.04,0.06,0.04,0.06,0.06,0.06,0.05,0.03,0.03,0.02,0.03,0.04,0.04,0.04,0.04,0.02,0.01,0.02,-0.01
2018-11-27,1222.6,2018-11-27,0.08,0.08,0.04,0.04,0.06,0.04,0.06,0.06,0.06,0.05,0.03,0.03,0.02,0.03,0.04,0.04,0.04,0.04,0.02,0.01,0.02
2018-11-28,1214.3,2018-11-28,0.08,0.08,0.08,0.04,0.04,0.06,0.04,0.06,0.06,0.06,0.05,0.03,0.03,0.02,0.03,0.04,0.04,0.04,0.04,0.02,0.01
2018-11-29,1227.1,2018-11-29,0.07,0.08,0.08,0.08,0.04,0.04,0.06,0.04,0.06,0.06,0.06,0.05,0.03,0.03,0.02,0.03,0.04,0.04,0.04,0.04,0.02
2018-11-30,1229.9,2018-11-30,0.07,0.07,0.08,0.08,0.08,0.04,0.04,0.06,0.04,0.06,0.06,0.06,0.05,0.03,0.03,0.02,0.03,0.04,0.04,0.04,0.04
2018-12-03,1228.6,2018-12-03,0.08,0.07,0.07,0.08,0.08,0.08,0.04,0.04,0.06,0.04,0.06,0.06,0.06,0.05,0.03,0.03,0.02,0.03,0.04,0.04,0.04
2018-12-04,1240.4,2018-12-04,0.08,0.08,0.07,0.07,0.08,0.08,0.08,0.04,0.04,0.06,0.04,0.06,0.06,0.06,0.05,0.03,0.03,0.02,0.03,0.04,0.04
2018-12-05,1241.5,2018-12-05,0.09,0.08,0.08,0.07,0.07,0.08,0.08,0.08,0.04,0.04,0.06,0.04,0.06,0.06,0.06,0.05,0.03,0.03,0.02,0.03,0.04
2018-12-06,1245.7,2018-12-06,0.07,0.09,0.08,0.08,0.07,0.07,0.08,0.08,0.08,0.04,0.04,0.06,0.04,0.06,0.06,0.06,0.05,0.03,0.03,0.02,0.03
2018-12-07,1244.3,2018-12-07,0.06,0.07,0.09,0.08,0.08,0.07,0.07,0.08,0.08,0.08,0.04,0.04,0.06,0.04,0.06,0.06,0.06,0.05,0.03,0.03,0.02
2018-12-10,1254.9,2018-12-10,0.05,0.06,0.07,0.09,0.08,0.08,0.07,0.07,0.08,0.08,0.08,0.04,0.04,0.06,0.04,0.06,0.06,0.06,0.05,0.03,0.03
2018-12-11,1251.1,2018-12-11,0.03,0.05,0.06,0.07,0.09,0.08,0.08,0.07,0.07,0.08,0.08,0.08,0.04,0.04,0.06,0.04,0.06,0.06,0.06,0.05,0.03
2018-12-12,1250.6,2018-12-12,0.02,0.03,0.05,0.06,0.07,0.09,0.08,0.08,0.07,0.07,0.08,0.08,0.08,0.04,0.04,0.06,0.04,0.06,0.06,0.06,0.05
2018-12-13,1250.0,2018-12-13,0.0,0.02,0.03,0.05,0.06,0.07,0.09,0.08,0.08,0.07,0.07,0.08,0.08,0.08,0.04,0.04,0.06,0.04,0.06,0.06,0.06
2018-12-14,1246.9,2018-12-14,0.0,0.0,0.02,0.03,0.05,0.06,0.07,0.09,0.08,0.08,0.07,0.07,0.08,0.08,0.08,0.04,0.04,0.06,0.04,0.06,0.06
2018-12-17,1241.5,2018-12-17,0.0,0.0,0.0,0.02,0.03,0.05,0.06,0.07,0.09,0.08,0.08,0.07,0.07,0.08,0.08,0.08,0.04,0.04,0.06,0.04,0.06
2018-12-18,1251.1,2018-12-18,-0.02,0.0,0.0,0.0,0.02,0.03,0.05,0.06,0.07,0.09,0.08,0.08,0.07,0.07,0.08,0.08,0.08,0.04,0.04,0.06,0.04
2018-12-19,1253.0,2018-12-19,-0.02,-0.02,0.0,0.0,0.0,0.02,0.03,0.05,0.06,0.07,0.09,0.08,0.08,0.07,0.07,0.08,0.08,0.08,0.04,0.04,0.06
2018-12-20,1248.5,2018-12-20,-0.03,-0.02,-0.02,0.0,0.0,0.0,0.02,0.03,0.05,0.06,0.07,0.09,0.08,0.08,0.07,0.07,0.08,0.08,0.08,0.04,0.04
2018-12-21,1264.6,2018-12-21,-0.05,-0.03,-0.02,-0.02,0.0,0.0,0.0,0.02,0.03,0.05,0.06,0.07,0.09,0.08,0.08,0.07,0.07,0.08,0.08,0.08,0.04
2018-12-24,1264.2,2018-12-24,-0.04,-0.05,-0.03,-0.02,-0.02,0.0,0.0,0.0,0.02,0.03,0.05,0.06,0.07,0.09,0.08,0.08,0.07,0.07,0.08,0.08,0.08
2018-12-26,1273.5,2018-12-26,-0.08,-0.04,-0.05,-0.03,-0.02,-0.02,0.0,0.0,0.0,0.02,0.03,0.05,0.06,0.07,0.09,0.08,0.08,0.07,0.07,0.08,0.08
2018-12-27,1273.2,2018-12-27,-0.07,-0.08,-0.04,-0.05,-0.03,-0.02,-0.02,0.0,0.0,0.0,0.02,0.03,0.05,0.06,0.07,0.09,0.08,0.08,0.07,0.07,0.08
2018-12-28,1280.1,2018-12-28,-0.08,-0.07,-0.08,-0.04,-0.05,-0.03,-0.02,-0.02,0.0,0.0,0.0,0.02,0.03,0.05,0.06,0.07,0.09,0.08,0.08,0.07,0.07
2018-12-31,1280.9,2018-12-31,-0.06,-0.08,-0.07,-0.08,-0.04,-0.05,-0.03,-0.02,-0.02,0.0,0.0,0.0,0.02,0.03,0.05,0.06,0.07,0.09,0.08,0.08,0.07
